{
  "token_acc":0.9984063745,
  "token_p":0.996812749,
  "token_r":0.9962631708,
  "token_f":0.9965378841,
  "tag_acc":0.9579615491,
  "sents_p":0.9505347594,
  "sents_r":0.975308642,
  "sents_f":0.9627623561,
  "dep_uas":0.8891853933,
  "dep_las":0.8184403638,
  "dep_las_per_type":{
    "root":{
      "p":0.9034852547,
      "r":0.9245541838,
      "f":0.9138983051
    },
    "nsubj":{
      "p":0.8200270636,
      "r":0.8200270636,
      "f":0.8200270636
    },
    "acl":{
      "p":0.7158774373,
      "r":0.7219101124,
      "f":0.7188811189
    },
    "xcomp":{
      "p":0.6352941176,
      "r":0.5094339623,
      "f":0.5654450262
    },
    "advmod":{
      "p":0.7459016393,
      "r":0.789017341,
      "f":0.7668539326
    },
    "expl:pv":{
      "p":0.8037974684,
      "r":0.8037974684,
      "f":0.8037974684
    },
    "aux":{
      "p":0.9710144928,
      "r":0.9383753501,
      "f":0.9544159544
    },
    "advcl":{
      "p":0.5510204082,
      "r":0.5973451327,
      "f":0.5732484076
    },
    "case":{
      "p":0.9507008217,
      "r":0.9493243243,
      "f":0.9500120744
    },
    "obl":{
      "p":0.6755373593,
      "r":0.7474518686,
      "f":0.7096774194
    },
    "fixed":{
      "p":0.8185941043,
      "r":0.76,
      "f":0.788209607
    },
    "iobj":{
      "p":0.7692307692,
      "r":0.5755395683,
      "f":0.658436214
    },
    "det":{
      "p":0.9366666667,
      "r":0.9590443686,
      "f":0.9477234401
    },
    "obj":{
      "p":0.8017241379,
      "r":0.8274021352,
      "f":0.8143607706
    },
    "nmod":{
      "p":0.7830188679,
      "r":0.8126631854,
      "f":0.797565663
    },
    "amod":{
      "p":0.8791208791,
      "r":0.8461538462,
      "f":0.862322391
    },
    "cc":{
      "p":0.8886462882,
      "r":0.8905908096,
      "f":0.8896174863
    },
    "conj":{
      "p":0.6538461538,
      "r":0.6368078176,
      "f":0.6452145215
    },
    "cop":{
      "p":0.780141844,
      "r":0.8148148148,
      "f":0.7971014493
    },
    "nummod":{
      "p":0.8974358974,
      "r":0.8948863636,
      "f":0.8961593172
    },
    "expl:poss":{
      "p":0.725,
      "r":0.7631578947,
      "f":0.7435897436
    },
    "mark":{
      "p":0.9285714286,
      "r":0.9162995595,
      "f":0.9223946785
    },
    "ccomp":{
      "p":0.7567567568,
      "r":0.84,
      "f":0.7962085308
    },
    "expl":{
      "p":0.6315789474,
      "r":0.6,
      "f":0.6153846154
    },
    "dep":{
      "p":0.0,
      "r":0.0,
      "f":0.0
    },
    "cc:preconj":{
      "p":0.0,
      "r":0.0,
      "f":0.0
    },
    "parataxis":{
      "p":0.75,
      "r":0.6666666667,
      "f":0.7058823529
    },
    "csubj":{
      "p":0.6216216216,
      "r":0.6216216216,
      "f":0.6216216216
    },
    "ccomp:pmod":{
      "p":0.7272727273,
      "r":0.3333333333,
      "f":0.4571428571
    },
    "expl:impers":{
      "p":0.25,
      "r":0.1428571429,
      "f":0.1818181818
    },
    "nsubj:pass":{
      "p":0.8014705882,
      "r":0.7032258065,
      "f":0.7491408935
    },
    "expl:pass":{
      "p":0.734939759,
      "r":0.743902439,
      "f":0.7393939394
    },
    "obl:pmod":{
      "p":0.4745762712,
      "r":0.2477876106,
      "f":0.3255813953
    },
    "compound":{
      "p":0.25,
      "r":0.6666666667,
      "f":0.3636363636
    },
    "appos":{
      "p":0.421875,
      "r":0.3103448276,
      "f":0.357615894
    },
    "obl:tmod":{
      "p":0.0,
      "r":0.0,
      "f":0.0
    },
    "advmod:tmod":{
      "p":1.0,
      "r":0.0833333333,
      "f":0.1538461538
    },
    "advcl:tcl":{
      "p":0.0,
      "r":0.0,
      "f":0.0
    },
    "nmod:tmod":{
      "p":0.0,
      "r":0.0,
      "f":0.0
    },
    "aux:pass":{
      "p":0.875,
      "r":0.9256198347,
      "f":0.8995983936
    },
    "obl:agent":{
      "p":0.8035714286,
      "r":0.75,
      "f":0.775862069
    },
    "flat":{
      "p":0.7142857143,
      "r":0.7692307692,
      "f":0.7407407407
    },
    "goeswith":{
      "p":1.0,
      "r":0.5454545455,
      "f":0.7058823529
    },
    "discourse":{
      "p":0.0,
      "r":0.0,
      "f":0.0
    },
    "vocative":{
      "p":0.0,
      "r":0.0,
      "f":0.0
    },
    "csubj:pass":{
      "p":0.5,
      "r":0.25,
      "f":0.3333333333
    },
    "list":{
      "p":0.0,
      "r":0.0,
      "f":0.0
    },
    "orphan":{
      "p":0.0,
      "r":0.0,
      "f":0.0
    }
  },
  "lemma_acc":0.9591267286,
  "pos_acc":0.9159818472,
  "morph_acc":0.9408445521,
  "morph_micro_p":0.9806527354,
  "morph_micro_r":0.9525177887,
  "morph_micro_f":0.9663805271,
  "morph_per_feat":{
    "Case":{
      "p":0.9882065296,
      "r":0.9810108509,
      "f":0.9845955435
    },
    "Definite":{
      "p":0.9847923572,
      "r":0.9724682326,
      "f":0.9785914947
    },
    "Gender":{
      "p":0.9877182598,
      "r":0.9790261074,
      "f":0.9833529758
    },
    "Number":{
      "p":0.9759305211,
      "r":0.9411342426,
      "f":0.9582165915
    },
    "Person":{
      "p":0.9804222649,
      "r":0.9781692838,
      "f":0.9792944785
    },
    "PronType":{
      "p":0.9865591398,
      "r":0.9854994629,
      "f":0.9860290167
    },
    "Mood":{
      "p":0.9783783784,
      "r":0.9731182796,
      "f":0.9757412399
    },
    "Tense":{
      "p":0.9176829268,
      "r":0.9107413011,
      "f":0.914198937
    },
    "VerbForm":{
      "p":0.9724273757,
      "r":0.9681372549,
      "f":0.9702775731
    },
    "Reflex":{
      "p":0.9963369963,
      "r":0.9927007299,
      "f":0.9945155393
    },
    "Strength":{
      "p":0.9881656805,
      "r":0.9747081712,
      "f":0.9813907933
    },
    "Variant":{
      "p":0.9545454545,
      "r":0.9705882353,
      "f":0.9625
    },
    "AdpType":{
      "p":0.9966087325,
      "r":0.9845058626,
      "f":0.9905203286
    },
    "Degree":{
      "p":0.9606557377,
      "r":0.93550447,
      "f":0.9479132967
    },
    "Polarity":{
      "p":0.9972222222,
      "r":0.97421981,
      "f":0.9855868222
    },
    "NumForm":{
      "p":0.9481481481,
      "r":0.281938326,
      "f":0.4346349745
    },
    "NumType":{
      "p":0.9489051095,
      "r":0.2850877193,
      "f":0.4384485666
    },
    "Position":{
      "p":0.9858156028,
      "r":0.9520547945,
      "f":0.968641115
    },
    "Number[psor]":{
      "p":0.9569892473,
      "r":0.978021978,
      "f":0.9673913043
    },
    "Poss":{
      "p":0.9872204473,
      "r":0.9935691318,
      "f":0.9903846154
    },
    "PartType":{
      "p":0.9833333333,
      "r":0.9365079365,
      "f":0.9593495935
    },
    "Abbr":{
      "p":0.9268292683,
      "r":0.8941176471,
      "f":0.9101796407
    },
    "Typo":{
      "p":0.0,
      "r":0.0,
      "f":0.0
    },
    "Foreign":{
      "p":0.0,
      "r":0.0,
      "f":0.0
    }
  },
  "ents_p":null,
  "ents_r":null,
  "ents_f":null,
  "ents_per_type":null,
  "speed":8092.5487987076
}