{
  "token_acc":0.9984063745,
  "token_p":0.996812749,
  "token_r":0.9962631708,
  "token_f":0.9965378841,
  "tag_acc":0.5966332444,
  "speed":398.4159178467
}